row_id,num_sold
26298,189
26299,288
26300,103
26301,307
26302,607
26303,147
26304,307
26305,546
26306,142
26307,492
26308,944
26309,252
26310,201
26311,305
26312,110
26313,385
26314,753
26315,189
26316,189
26317,288
26318,103
26319,307
26320,607
26321,147
26322,307
26323,546
26324,142
26325,492
26326,944
26327,252
26328,201
26329,305
26330,110
26331,385
26332,753
26333,189
26334,189
26335,288
26336,103
26337,307
26338,607
26339,147
26340,307
26341,546
26342,142
26343,492
26344,944
26345,252
26346,201
26347,305
26348,110
26349,385
26350,753
26351,189
26352,189
26353,288
26354,103
26355,307
26356,607
26357,147
26358,307
26359,546
26360,142
26361,492
26362,944
26363,252
26364,201
26365,305
26366,110
26367,385
26368,753
26369,189
26370,189
26371,288
26372,103
26373,307
26374,607
26375,147
26376,307
26377,546
26378,142
26379,492
26380,944
26381,252
26382,201
26383,305
26384,110
26385,385
26386,753
26387,189
26388,189
26389,288
26390,103
26391,307
26392,607
26393,147
26394,307
26395,546
26396,142
26397,492
26398,944
26399,252
26400,201
26401,305
26402,110
26403,385
26404,753
26405,189
26406,189
26407,288
26408,103
26409,307
26410,607
26411,147
26412,307
26413,546
26414,142
26415,492
26416,944
26417,252
26418,201
26419,305
26420,110
26421,385
26422,753
26423,189
26424,189
26425,288
26426,103
26427,307
26428,607
26429,147
26430,307
26431,546
26432,142
26433,492
26434,944
26435,252
26436,201
26437,305
26438,110
26439,385
26440,753
26441,189
26442,189
26443,288
26444,103
26445,307
26446,607
26447,147
26448,307
26449,546
26450,142
26451,492
26452,944
26453,252
26454,201
26455,305
26456,110
26457,385
26458,753
26459,189
26460,189
26461,288
26462,103
26463,307
26464,607
26465,147
26466,307
26467,546
26468,142
26469,492
26470,944
26471,252
26472,201
26473,305
26474,110
26475,385
26476,753
26477,189
26478,189
26479,288
26480,103
26481,307
26482,607
26483,147
26484,307
26485,546
26486,142
26487,492
26488,944
26489,252
26490,201
26491,305
26492,110
26493,385
26494,753
26495,189
26496,189
26497,288
26498,103
26499,307
26500,607
26501,147
26502,307
26503,546
26504,142
26505,492
26506,944
26507,252
26508,201
26509,305
26510,110
26511,385
26512,753
26513,189
26514,189
26515,288
26516,103
26517,307
26518,607
26519,147
26520,307
26521,546
26522,142
26523,492
26524,944
26525,252
26526,201
26527,305
26528,110
26529,385
26530,753
26531,189
26532,189
26533,288
26534,103
26535,307
26536,607
26537,147
26538,307
26539,546
26540,142
26541,492
26542,944
26543,252
26544,201
26545,305
26546,110
26547,385
26548,753
26549,189
26550,189
26551,288
26552,103
26553,307
26554,607
26555,147
26556,307
26557,546
26558,142
26559,492
26560,944
26561,252
26562,201
26563,305
26564,110
26565,385
26566,753
26567,189
26568,189
26569,288
26570,103
26571,307
26572,607
26573,147
26574,307
26575,546
26576,142
26577,492
26578,944
26579,252
26580,201
26581,305
26582,110
26583,385
26584,753
26585,189
26586,189
26587,288
26588,103
26589,307
26590,607
26591,147
26592,307
26593,546
26594,142
26595,492
26596,944
26597,252
26598,201
26599,305
26600,110
26601,385
26602,753
26603,189
26604,189
26605,288
26606,103
26607,307
26608,607
26609,147
26610,307
26611,546
26612,142
26613,492
26614,944
26615,252
26616,201
26617,305
26618,110
26619,385
26620,753
26621,189
26622,189
26623,288
26624,103
26625,307
26626,607
26627,147
26628,307
26629,546
26630,142
26631,492
26632,944
26633,252
26634,201
26635,305
26636,110
26637,385
26638,753
26639,189
26640,189
26641,288
26642,103
26643,307
26644,607
26645,147
26646,307
26647,546
26648,142
26649,492
26650,944
26651,252
26652,201
26653,305
26654,110
26655,385
26656,753
26657,189
26658,189
26659,288
26660,103
26661,307
26662,607
26663,147
26664,307
26665,546
26666,142
26667,492
26668,944
26669,252
26670,201
26671,305
26672,110
26673,385
26674,753
26675,189
26676,189
26677,288
26678,103
26679,307
26680,607
26681,147
26682,307
26683,546
26684,142
26685,492
26686,944
26687,252
26688,201
26689,305
26690,110
26691,385
26692,753
26693,189
26694,189
26695,288
26696,103
26697,307
26698,607
26699,147
26700,307
26701,546
26702,142
26703,492
26704,944
26705,252
26706,201
26707,305
26708,110
26709,385
26710,753
26711,189
26712,189
26713,288
26714,103
26715,307
26716,607
26717,147
26718,307
26719,546
26720,142
26721,492
26722,944
26723,252
26724,201
26725,305
26726,110
26727,385
26728,753
26729,189
26730,189
26731,288
26732,103
26733,307
26734,607
26735,147
26736,307
26737,546
26738,142
26739,492
26740,944
26741,252
26742,201
26743,305
26744,110
26745,385
26746,753
26747,189
26748,189
26749,288
26750,103
26751,307
26752,607
26753,147
26754,307
26755,546
26756,142
26757,492
26758,944
26759,252
26760,201
26761,305
26762,110
26763,385
26764,753
26765,189
26766,189
26767,288
26768,103
26769,307
26770,607
26771,147
26772,307
26773,546
26774,142
26775,492
26776,944
26777,252
26778,201
26779,305
26780,110
26781,385
26782,753
26783,189
26784,189
26785,288
26786,103
26787,307
26788,607
26789,147
26790,307
26791,546
26792,142
26793,492
26794,944
26795,252
26796,201
26797,305
26798,110
26799,385
26800,753
26801,189
26802,189
26803,288
26804,103
26805,307
26806,607
26807,147
26808,307
26809,546
26810,142
26811,492
26812,944
26813,252
26814,201
26815,305
26816,110
26817,385
26818,753
26819,189
26820,189
26821,288
26822,103
26823,307
26824,607
26825,147
26826,307
26827,546
26828,142
26829,492
26830,944
26831,252
26832,201
26833,305
26834,110
26835,385
26836,753
26837,189
26838,189
26839,288
26840,103
26841,307
26842,607
26843,147
26844,307
26845,546
26846,142
26847,492
26848,944
26849,252
26850,201
26851,305
26852,110
26853,385
26854,753
26855,189
26856,189
26857,288
26858,103
26859,307
26860,607
26861,147
26862,307
26863,546
26864,142
26865,492
26866,944
26867,252
26868,201
26869,305
26870,110
26871,385
26872,753
26873,189
26874,189
26875,288
26876,103
26877,307
26878,607
26879,147
26880,307
26881,546
26882,142
26883,492
26884,944
26885,252
26886,201
26887,305
26888,110
26889,385
26890,753
26891,189
26892,189
26893,288
26894,103
26895,307
26896,607
26897,147
26898,307
26899,546
26900,142
26901,492
26902,944
26903,252
26904,201
26905,305
26906,110
26907,385
26908,753
26909,189
26910,189
26911,288
26912,103
26913,307
26914,607
26915,147
26916,307
26917,546
26918,142
26919,492
26920,944
26921,252
26922,201
26923,305
26924,110
26925,385
26926,753
26927,189
26928,189
26929,288
26930,103
26931,307
26932,607
26933,147
26934,307
26935,546
26936,142
26937,492
26938,944
26939,252
26940,201
26941,305
26942,110
26943,385
26944,753
26945,189
26946,189
26947,288
26948,103
26949,307
26950,607
26951,147
26952,307
26953,546
26954,142
26955,492
26956,944
26957,252
26958,201
26959,305
26960,110
26961,385
26962,753
26963,189
26964,189
26965,288
26966,103
26967,307
26968,607
26969,147
26970,307
26971,546
26972,142
26973,492
26974,944
26975,252
26976,201
26977,305
26978,110
26979,385
26980,753
26981,189
26982,189
26983,288
26984,103
26985,307
26986,607
26987,147
26988,307
26989,546
26990,142
26991,492
26992,944
26993,252
26994,201
26995,305
26996,110
26997,385
26998,753
26999,189
27000,189
27001,288
27002,103
27003,307
27004,607
27005,147
27006,307
27007,546
27008,142
27009,492
27010,944
27011,252
27012,201
27013,305
27014,110
27015,385
27016,753
27017,189
27018,189
27019,288
27020,103
27021,307
27022,607
27023,147
27024,307
27025,546
27026,142
27027,492
27028,944
27029,252
27030,201
27031,305
27032,110
27033,385
27034,753
27035,189
27036,189
27037,288
27038,103
27039,307
27040,607
27041,147
27042,307
27043,546
27044,142
27045,492
27046,944
27047,252
27048,201
27049,305
27050,110
27051,385
27052,753
27053,189
27054,189
27055,288
27056,103
27057,307
27058,607
27059,147
27060,307
27061,546
27062,142
27063,492
27064,944
27065,252
27066,201
27067,305
27068,110
27069,385
27070,753
27071,189
27072,189
27073,288
27074,103
27075,307
27076,607
27077,147
27078,307
27079,546
27080,142
27081,492
27082,944
27083,252
27084,201
27085,305
27086,110
27087,385
27088,753
27089,189
27090,189
27091,288
27092,103
27093,307
27094,607
27095,147
27096,307
27097,546
27098,142
27099,492
27100,944
27101,252
27102,201
27103,305
27104,110
27105,385
27106,753
27107,189
27108,189
27109,288
27110,103
27111,307
27112,607
27113,147
27114,307
27115,546
27116,142
27117,492
27118,944
27119,252
27120,201
27121,305
27122,110
27123,385
27124,753
27125,189
27126,189
27127,288
27128,103
27129,307
27130,607
27131,147
27132,307
27133,546
27134,142
27135,492
27136,944
27137,252
27138,201
27139,305
27140,110
27141,385
27142,753
27143,189
27144,189
27145,288
27146,103
27147,307
27148,607
27149,147
27150,307
27151,546
27152,142
27153,492
27154,944
27155,252
27156,201
27157,305
27158,110
27159,385
27160,753
27161,189
27162,189
27163,288
27164,103
27165,307
27166,607
27167,147
27168,307
27169,546
27170,142
27171,492
27172,944
27173,252
27174,201
27175,305
27176,110
27177,385
27178,753
27179,189
27180,189
27181,288
27182,103
27183,307
27184,607
27185,147
27186,307
27187,546
27188,142
27189,492
27190,944
27191,252
27192,201
27193,305
27194,110
27195,385
27196,753
27197,189
27198,189
27199,288
27200,103
27201,307
27202,607
27203,147
27204,307
27205,546
27206,142
27207,492
27208,944
27209,252
27210,201
27211,305
27212,110
27213,385
27214,753
27215,189
27216,189
27217,288
27218,103
27219,307
27220,607
27221,147
27222,307
27223,546
27224,142
27225,492
27226,944
27227,252
27228,201
27229,305
27230,110
27231,385
27232,753
27233,189
27234,189
27235,288
27236,103
27237,307
27238,607
27239,147
27240,307
27241,546
27242,142
27243,492
27244,944
27245,252
27246,201
27247,305
27248,110
27249,385
27250,753
27251,189
27252,189
27253,288
27254,103
27255,307
27256,607
27257,147
27258,307
27259,546
27260,142
27261,492
27262,944
27263,252
27264,201
27265,305
27266,110
27267,385
27268,753
27269,189
27270,189
27271,288
27272,103
27273,307
27274,607
27275,147
27276,307
27277,546
27278,142
27279,492
27280,944
27281,252
27282,201
27283,305
27284,110
27285,385
27286,753
27287,189
27288,189
27289,288
27290,103
27291,307
27292,607
27293,147
27294,307
27295,546
27296,142
27297,492
27298,944
27299,252
27300,201
27301,305
27302,110
27303,385
27304,753
27305,189
27306,189
27307,288
27308,103
27309,307
27310,607
27311,147
27312,307
27313,546
27314,142
27315,492
27316,944
27317,252
27318,201
27319,305
27320,110
27321,385
27322,753
27323,189
27324,189
27325,288
27326,103
27327,307
27328,607
27329,147
27330,307
27331,546
27332,142
27333,492
27334,944
27335,252
27336,201
27337,305
27338,110
27339,385
27340,753
27341,189
27342,189
27343,288
27344,103
27345,307
27346,607
27347,147
27348,307
27349,546
27350,142
27351,492
27352,944
27353,252
27354,201
27355,305
27356,110
27357,385
27358,753
27359,189
27360,189
27361,288
27362,103
27363,307
27364,607
27365,147
27366,307
27367,546
27368,142
27369,492
27370,944
27371,252
27372,201
27373,305
27374,110
27375,385
27376,753
27377,189
27378,189
27379,288
27380,103
27381,307
27382,607
27383,147
27384,307
27385,546
27386,142
27387,492
27388,944
27389,252
27390,201
27391,305
27392,110
27393,385
27394,753
27395,189
27396,189
27397,288
27398,103
27399,307
27400,607
27401,147
27402,307
27403,546
27404,142
27405,492
27406,944
27407,252
27408,201
27409,305
27410,110
27411,385
27412,753
27413,189
27414,189
27415,288
27416,103
27417,307
27418,607
27419,147
27420,307
27421,546
27422,142
27423,492
27424,944
27425,252
27426,201
27427,305
27428,110
27429,385
27430,753
27431,189
27432,189
27433,288
27434,103
27435,307
27436,607
27437,147
27438,307
27439,546
27440,142
27441,492
27442,944
27443,252
27444,201
27445,305
27446,110
27447,385
27448,753
27449,189
27450,189
27451,288
27452,103
27453,307
27454,607
27455,147
27456,307
27457,546
27458,142
27459,492
27460,944
27461,252
27462,201
27463,305
27464,110
27465,385
27466,753
27467,189
27468,189
27469,288
27470,103
27471,307
27472,607
27473,147
27474,307
27475,546
27476,142
27477,492
27478,944
27479,252
27480,201
27481,305
27482,110
27483,385
27484,753
27485,189
27486,189
27487,288
27488,103
27489,307
27490,607
27491,147
27492,307
27493,546
27494,142
27495,492
27496,944
27497,252
27498,201
27499,305
27500,110
27501,385
27502,753
27503,189
27504,189
27505,288
27506,103
27507,307
27508,607
27509,147
27510,307
27511,546
27512,142
27513,492
27514,944
27515,252
27516,201
27517,305
27518,110
27519,385
27520,753
27521,189
27522,189
27523,288
27524,103
27525,307
27526,607
27527,147
27528,307
27529,546
27530,142
27531,492
27532,944
27533,252
27534,201
27535,305
27536,110
27537,385
27538,753
27539,189
27540,189
27541,288
27542,103
27543,307
27544,607
27545,147
27546,307
27547,546
27548,142
27549,492
27550,944
27551,252
27552,201
27553,305
27554,110
27555,385
27556,753
27557,189
27558,189
27559,288
27560,103
27561,307
27562,607
27563,147
27564,307
27565,546
27566,142
27567,492
27568,944
27569,252
27570,201
27571,305
27572,110
27573,385
27574,753
27575,189
27576,189
27577,288
27578,103
27579,307
27580,607
27581,147
27582,307
27583,546
27584,142
27585,492
27586,944
27587,252
27588,201
27589,305
27590,110
27591,385
27592,753
27593,189
27594,189
27595,288
27596,103
27597,307
27598,607
27599,147
27600,307
27601,546
27602,142
27603,492
27604,944
27605,252
27606,201
27607,305
27608,110
27609,385
27610,753
27611,189
27612,189
27613,288
27614,103
27615,307
27616,607
27617,147
27618,307
27619,546
27620,142
27621,492
27622,944
27623,252
27624,201
27625,305
27626,110
27627,385
27628,753
27629,189
27630,189
27631,288
27632,103
27633,307
27634,607
27635,147
27636,307
27637,546
27638,142
27639,492
27640,944
27641,252
27642,201
27643,305
27644,110
27645,385
27646,753
27647,189
27648,189
27649,288
27650,103
27651,307
27652,607
27653,147
27654,307
27655,546
27656,142
27657,492
27658,944
27659,252
27660,201
27661,305
27662,110
27663,385
27664,753
27665,189
27666,189
27667,288
27668,103
27669,307
27670,607
27671,147
27672,307
27673,546
27674,142
27675,492
27676,944
27677,252
27678,201
27679,305
27680,110
27681,385
27682,753
27683,189
27684,189
27685,288
27686,103
27687,307
27688,607
27689,147
27690,307
27691,546
27692,142
27693,492
27694,944
27695,252
27696,201
27697,305
27698,110
27699,385
27700,753
27701,189
27702,189
27703,288
27704,103
27705,307
27706,607
27707,147
27708,307
27709,546
27710,142
27711,492
27712,944
27713,252
27714,201
27715,305
27716,110
27717,385
27718,753
27719,189
27720,189
27721,288
27722,103
27723,307
27724,607
27725,147
27726,307
27727,546
27728,142
27729,492
27730,944
27731,252
27732,201
27733,305
27734,110
27735,385
27736,753
27737,189
27738,189
27739,288
27740,103
27741,307
27742,607
27743,147
27744,307
27745,546
27746,142
27747,492
27748,944
27749,252
27750,201
27751,305
27752,110
27753,385
27754,753
27755,189
27756,189
27757,288
27758,103
27759,307
27760,607
27761,147
27762,307
27763,546
27764,142
27765,492
27766,944
27767,252
27768,201
27769,305
27770,110
27771,385
27772,753
27773,189
27774,189
27775,288
27776,103
27777,307
27778,607
27779,147
27780,307
27781,546
27782,142
27783,492
27784,944
27785,252
27786,201
27787,305
27788,110
27789,385
27790,753
27791,189
27792,189
27793,288
27794,103
27795,307
27796,607
27797,147
27798,307
27799,546
27800,142
27801,492
27802,944
27803,252
27804,201
27805,305
27806,110
27807,385
27808,753
27809,189
27810,189
27811,288
27812,103
27813,307
27814,607
27815,147
27816,307
27817,546
27818,142
27819,492
27820,944
27821,252
27822,201
27823,305
27824,110
27825,385
27826,753
27827,189
27828,189
27829,288
27830,103
27831,307
27832,607
27833,147
27834,307
27835,546
27836,142
27837,492
27838,944
27839,252
27840,201
27841,305
27842,110
27843,385
27844,753
27845,189
27846,189
27847,288
27848,103
27849,307
27850,607
27851,147
27852,307
27853,546
27854,142
27855,492
27856,944
27857,252
27858,201
27859,305
27860,110
27861,385
27862,753
27863,189
27864,189
27865,288
27866,103
27867,307
27868,607
27869,147
27870,307
27871,546
27872,142
27873,492
27874,944
27875,252
27876,201
27877,305
27878,110
27879,385
27880,753
27881,189
27882,189
27883,288
27884,103
27885,307
27886,607
27887,147
27888,307
27889,546
27890,142
27891,492
27892,944
27893,252
27894,201
27895,305
27896,110
27897,385
27898,753
27899,189
27900,189
27901,288
27902,103
27903,307
27904,607
27905,147
27906,307
27907,546
27908,142
27909,492
27910,944
27911,252
27912,201
27913,305
27914,110
27915,385
27916,753
27917,189
27918,189
27919,288
27920,103
27921,307
27922,607
27923,147
27924,307
27925,546
27926,142
27927,492
27928,944
27929,252
27930,201
27931,305
27932,110
27933,385
27934,753
27935,189
27936,189
27937,288
27938,103
27939,307
27940,607
27941,147
27942,307
27943,546
27944,142
27945,492
27946,944
27947,252
27948,201
27949,305
27950,110
27951,385
27952,753
27953,189
27954,189
27955,288
27956,103
27957,307
27958,607
27959,147
27960,307
27961,546
27962,142
27963,492
27964,944
27965,252
27966,201
27967,305
27968,110
27969,385
27970,753
27971,189
27972,189
27973,288
27974,103
27975,307
27976,607
27977,147
27978,307
27979,546
27980,142
27981,492
27982,944
27983,252
27984,201
27985,305
27986,110
27987,385
27988,753
27989,189
27990,189
27991,288
27992,103
27993,307
27994,607
27995,147
27996,307
27997,546
27998,142
27999,492
28000,944
28001,252
28002,201
28003,305
28004,110
28005,385
28006,753
28007,189
28008,189
28009,288
28010,103
28011,307
28012,607
28013,147
28014,307
28015,546
28016,142
28017,492
28018,944
28019,252
28020,201
28021,305
28022,110
28023,385
28024,753
28025,189
28026,189
28027,288
28028,103
28029,307
28030,607
28031,147
28032,307
28033,546
28034,142
28035,492
28036,944
28037,252
28038,201
28039,305
28040,110
28041,385
28042,753
28043,189
28044,189
28045,288
28046,103
28047,307
28048,607
28049,147
28050,307
28051,546
28052,142
28053,492
28054,944
28055,252
28056,201
28057,305
28058,110
28059,385
28060,753
28061,189
28062,189
28063,288
28064,103
28065,307
28066,607
28067,147
28068,307
28069,546
28070,142
28071,492
28072,944
28073,252
28074,201
28075,305
28076,110
28077,385
28078,753
28079,189
28080,189
28081,288
28082,103
28083,307
28084,607
28085,147
28086,307
28087,546
28088,142
28089,492
28090,944
28091,252
28092,201
28093,305
28094,110
28095,385
28096,753
28097,189
28098,189
28099,288
28100,103
28101,307
28102,607
28103,147
28104,307
28105,546
28106,142
28107,492
28108,944
28109,252
28110,201
28111,305
28112,110
28113,385
28114,753
28115,189
28116,189
28117,288
28118,103
28119,307
28120,607
28121,147
28122,307
28123,546
28124,142
28125,492
28126,944
28127,252
28128,201
28129,305
28130,110
28131,385
28132,753
28133,189
28134,189
28135,288
28136,103
28137,307
28138,607
28139,147
28140,307
28141,546
28142,142
28143,492
28144,944
28145,252
28146,201
28147,305
28148,110
28149,385
28150,753
28151,189
28152,189
28153,288
28154,103
28155,307
28156,607
28157,147
28158,307
28159,546
28160,142
28161,492
28162,944
28163,252
28164,201
28165,305
28166,110
28167,385
28168,753
28169,189
28170,189
28171,288
28172,103
28173,307
28174,607
28175,147
28176,307
28177,546
28178,142
28179,492
28180,944
28181,252
28182,201
28183,305
28184,110
28185,385
28186,753
28187,189
28188,189
28189,288
28190,103
28191,307
28192,607
28193,147
28194,307
28195,546
28196,142
28197,492
28198,944
28199,252
28200,201
28201,305
28202,110
28203,385
28204,753
28205,189
28206,189
28207,288
28208,103
28209,307
28210,607
28211,147
28212,307
28213,546
28214,142
28215,492
28216,944
28217,252
28218,201
28219,305
28220,110
28221,385
28222,753
28223,189
28224,189
28225,288
28226,103
28227,307
28228,607
28229,147
28230,307
28231,546
28232,142
28233,492
28234,944
28235,252
28236,201
28237,305
28238,110
28239,385
28240,753
28241,189
28242,189
28243,288
28244,103
28245,307
28246,607
28247,147
28248,307
28249,546
28250,142
28251,492
28252,944
28253,252
28254,201
28255,305
28256,110
28257,385
28258,753
28259,189
28260,189
28261,288
28262,103
28263,307
28264,607
28265,147
28266,307
28267,546
28268,142
28269,492
28270,944
28271,252
28272,201
28273,305
28274,110
28275,385
28276,753
28277,189
28278,189
28279,288
28280,103
28281,307
28282,607
28283,147
28284,307
28285,546
28286,142
28287,492
28288,944
28289,252
28290,201
28291,305
28292,110
28293,385
28294,753
28295,189
28296,189
28297,288
28298,103
28299,307
28300,607
28301,147
28302,307
28303,546
28304,142
28305,492
28306,944
28307,252
28308,201
28309,305
28310,110
28311,385
28312,753
28313,189
28314,189
28315,288
28316,103
28317,307
28318,607
28319,147
28320,307
28321,546
28322,142
28323,492
28324,944
28325,252
28326,201
28327,305
28328,110
28329,385
28330,753
28331,189
28332,189
28333,288
28334,103
28335,307
28336,607
28337,147
28338,307
28339,546
28340,142
28341,492
28342,944
28343,252
28344,201
28345,305
28346,110
28347,385
28348,753
28349,189
28350,189
28351,288
28352,103
28353,307
28354,607
28355,147
28356,307
28357,546
28358,142
28359,492
28360,944
28361,252
28362,201
28363,305
28364,110
28365,385
28366,753
28367,189
28368,189
28369,288
28370,103
28371,307
28372,607
28373,147
28374,307
28375,546
28376,142
28377,492
28378,944
28379,252
28380,201
28381,305
28382,110
28383,385
28384,753
28385,189
28386,189
28387,288
28388,103
28389,307
28390,607
28391,147
28392,307
28393,546
28394,142
28395,492
28396,944
28397,252
28398,201
28399,305
28400,110
28401,385
28402,753
28403,189
28404,189
28405,288
28406,103
28407,307
28408,607
28409,147
28410,307
28411,546
28412,142
28413,492
28414,944
28415,252
28416,201
28417,305
28418,110
28419,385
28420,753
28421,189
28422,189
28423,288
28424,103
28425,307
28426,607
28427,147
28428,307
28429,546
28430,142
28431,492
28432,944
28433,252
28434,201
28435,305
28436,110
28437,385
28438,753
28439,189
28440,189
28441,288
28442,103
28443,307
28444,607
28445,147
28446,307
28447,546
28448,142
28449,492
28450,944
28451,252
28452,201
28453,305
28454,110
28455,385
28456,753
28457,189
28458,189
28459,288
28460,103
28461,307
28462,607
28463,147
28464,307
28465,546
28466,142
28467,492
28468,944
28469,252
28470,201
28471,305
28472,110
28473,385
28474,753
28475,189
28476,189
28477,288
28478,103
28479,307
28480,607
28481,147
28482,307
28483,546
28484,142
28485,492
28486,944
28487,252
28488,201
28489,305
28490,110
28491,385
28492,753
28493,189
28494,189
28495,288
28496,103
28497,307
28498,607
28499,147
28500,307
28501,546
28502,142
28503,492
28504,944
28505,252
28506,201
28507,305
28508,110
28509,385
28510,753
28511,189
28512,189
28513,288
28514,103
28515,307
28516,607
28517,147
28518,307
28519,546
28520,142
28521,492
28522,944
28523,252
28524,201
28525,305
28526,110
28527,385
28528,753
28529,189
28530,189
28531,288
28532,103
28533,307
28534,607
28535,147
28536,307
28537,546
28538,142
28539,492
28540,944
28541,252
28542,201
28543,305
28544,110
28545,385
28546,753
28547,189
28548,189
28549,288
28550,103
28551,307
28552,607
28553,147
28554,307
28555,546
28556,142
28557,492
28558,944
28559,252
28560,201
28561,305
28562,110
28563,385
28564,753
28565,189
28566,189
28567,288
28568,103
28569,307
28570,607
28571,147
28572,307
28573,546
28574,142
28575,492
28576,944
28577,252
28578,201
28579,305
28580,110
28581,385
28582,753
28583,189
28584,189
28585,288
28586,103
28587,307
28588,607
28589,147
28590,307
28591,546
28592,142
28593,492
28594,944
28595,252
28596,201
28597,305
28598,110
28599,385
28600,753
28601,189
28602,189
28603,288
28604,103
28605,307
28606,607
28607,147
28608,307
28609,546
28610,142
28611,492
28612,944
28613,252
28614,201
28615,305
28616,110
28617,385
28618,753
28619,189
28620,189
28621,288
28622,103
28623,307
28624,607
28625,147
28626,307
28627,546
28628,142
28629,492
28630,944
28631,252
28632,201
28633,305
28634,110
28635,385
28636,753
28637,189
28638,189
28639,288
28640,103
28641,307
28642,607
28643,147
28644,307
28645,546
28646,142
28647,492
28648,944
28649,252
28650,201
28651,305
28652,110
28653,385
28654,753
28655,189
28656,189
28657,288
28658,103
28659,307
28660,607
28661,147
28662,307
28663,546
28664,142
28665,492
28666,944
28667,252
28668,201
28669,305
28670,110
28671,385
28672,753
28673,189
28674,189
28675,288
28676,103
28677,307
28678,607
28679,147
28680,307
28681,546
28682,142
28683,492
28684,944
28685,252
28686,201
28687,305
28688,110
28689,385
28690,753
28691,189
28692,189
28693,288
28694,103
28695,307
28696,607
28697,147
28698,307
28699,546
28700,142
28701,492
28702,944
28703,252
28704,201
28705,305
28706,110
28707,385
28708,753
28709,189
28710,189
28711,288
28712,103
28713,307
28714,607
28715,147
28716,307
28717,546
28718,142
28719,492
28720,944
28721,252
28722,201
28723,305
28724,110
28725,385
28726,753
28727,189
28728,189
28729,288
28730,103
28731,307
28732,607
28733,147
28734,307
28735,546
28736,142
28737,492
28738,944
28739,252
28740,201
28741,305
28742,110
28743,385
28744,753
28745,189
28746,189
28747,288
28748,103
28749,307
28750,607
28751,147
28752,307
28753,546
28754,142
28755,492
28756,944
28757,252
28758,201
28759,305
28760,110
28761,385
28762,753
28763,189
28764,189
28765,288
28766,103
28767,307
28768,607
28769,147
28770,307
28771,546
28772,142
28773,492
28774,944
28775,252
28776,201
28777,305
28778,110
28779,385
28780,753
28781,189
28782,189
28783,288
28784,103
28785,307
28786,607
28787,147
28788,307
28789,546
28790,142
28791,492
28792,944
28793,252
28794,201
28795,305
28796,110
28797,385
28798,753
28799,189
28800,189
28801,288
28802,103
28803,307
28804,607
28805,147
28806,307
28807,546
28808,142
28809,492
28810,944
28811,252
28812,201
28813,305
28814,110
28815,385
28816,753
28817,189
28818,189
28819,288
28820,103
28821,307
28822,607
28823,147
28824,307
28825,546
28826,142
28827,492
28828,944
28829,252
28830,201
28831,305
28832,110
28833,385
28834,753
28835,189
28836,189
28837,288
28838,103
28839,307
28840,607
28841,147
28842,307
28843,546
28844,142
28845,492
28846,944
28847,252
28848,201
28849,305
28850,110
28851,385
28852,753
28853,189
28854,189
28855,288
28856,103
28857,307
28858,607
28859,147
28860,307
28861,546
28862,142
28863,492
28864,944
28865,252
28866,201
28867,305
28868,110
28869,385
28870,753
28871,189
28872,189
28873,288
28874,103
28875,307
28876,607
28877,147
28878,307
28879,546
28880,142
28881,492
28882,944
28883,252
28884,201
28885,305
28886,110
28887,385
28888,753
28889,189
28890,189
28891,288
28892,103
28893,307
28894,607
28895,147
28896,307
28897,546
28898,142
28899,492
28900,944
28901,252
28902,201
28903,305
28904,110
28905,385
28906,753
28907,189
28908,189
28909,288
28910,103
28911,307
28912,607
28913,147
28914,307
28915,546
28916,142
28917,492
28918,944
28919,252
28920,201
28921,305
28922,110
28923,385
28924,753
28925,189
28926,189
28927,288
28928,103
28929,307
28930,607
28931,147
28932,307
28933,546
28934,142
28935,492
28936,944
28937,252
28938,201
28939,305
28940,110
28941,385
28942,753
28943,189
28944,189
28945,288
28946,103
28947,307
28948,607
28949,147
28950,307
28951,546
28952,142
28953,492
28954,944
28955,252
28956,201
28957,305
28958,110
28959,385
28960,753
28961,189
28962,189
28963,288
28964,103
28965,307
28966,607
28967,147
28968,307
28969,546
28970,142
28971,492
28972,944
28973,252
28974,201
28975,305
28976,110
28977,385
28978,753
28979,189
28980,189
28981,288
28982,103
28983,307
28984,607
28985,147
28986,307
28987,546
28988,142
28989,492
28990,944
28991,252
28992,201
28993,305
28994,110
28995,385
28996,753
28997,189
28998,189
28999,288
29000,103
29001,307
29002,607
29003,147
29004,307
29005,546
29006,142
29007,492
29008,944
29009,252
29010,201
29011,305
29012,110
29013,385
29014,753
29015,189
29016,189
29017,288
29018,103
29019,307
29020,607
29021,147
29022,307
29023,546
29024,142
29025,492
29026,944
29027,252
29028,201
29029,305
29030,110
29031,385
29032,753
29033,189
29034,189
29035,288
29036,103
29037,307
29038,607
29039,147
29040,307
29041,546
29042,142
29043,492
29044,944
29045,252
29046,201
29047,305
29048,110
29049,385
29050,753
29051,189
29052,189
29053,288
29054,103
29055,307
29056,607
29057,147
29058,307
29059,546
29060,142
29061,492
29062,944
29063,252
29064,201
29065,305
29066,110
29067,385
29068,753
29069,189
29070,189
29071,288
29072,103
29073,307
29074,607
29075,147
29076,307
29077,546
29078,142
29079,492
29080,944
29081,252
29082,201
29083,305
29084,110
29085,385
29086,753
29087,189
29088,189
29089,288
29090,103
29091,307
29092,607
29093,147
29094,307
29095,546
29096,142
29097,492
29098,944
29099,252
29100,201
29101,305
29102,110
29103,385
29104,753
29105,189
29106,189
29107,288
29108,103
29109,307
29110,607
29111,147
29112,307
29113,546
29114,142
29115,492
29116,944
29117,252
29118,201
29119,305
29120,110
29121,385
29122,753
29123,189
29124,189
29125,288
29126,103
29127,307
29128,607
29129,147
29130,307
29131,546
29132,142
29133,492
29134,944
29135,252
29136,201
29137,305
29138,110
29139,385
29140,753
29141,189
29142,189
29143,288
29144,103
29145,307
29146,607
29147,147
29148,307
29149,546
29150,142
29151,492
29152,944
29153,252
29154,201
29155,305
29156,110
29157,385
29158,753
29159,189
29160,189
29161,288
29162,103
29163,307
29164,607
29165,147
29166,307
29167,546
29168,142
29169,492
29170,944
29171,252
29172,201
29173,305
29174,110
29175,385
29176,753
29177,189
29178,189
29179,288
29180,103
29181,307
29182,607
29183,147
29184,307
29185,546
29186,142
29187,492
29188,944
29189,252
29190,201
29191,305
29192,110
29193,385
29194,753
29195,189
29196,189
29197,288
29198,103
29199,307
29200,607
29201,147
29202,307
29203,546
29204,142
29205,492
29206,944
29207,252
29208,201
29209,305
29210,110
29211,385
29212,753
29213,189
29214,189
29215,288
29216,103
29217,307
29218,607
29219,147
29220,307
29221,546
29222,142
29223,492
29224,944
29225,252
29226,201
29227,305
29228,110
29229,385
29230,753
29231,189
29232,189
29233,288
29234,103
29235,307
29236,607
29237,147
29238,307
29239,546
29240,142
29241,492
29242,944
29243,252
29244,201
29245,305
29246,110
29247,385
29248,753
29249,189
29250,189
29251,288
29252,103
29253,307
29254,607
29255,147
29256,307
29257,546
29258,142
29259,492
29260,944
29261,252
29262,201
29263,305
29264,110
29265,385
29266,753
29267,189
29268,189
29269,288
29270,103
29271,307
29272,607
29273,147
29274,307
29275,546
29276,142
29277,492
29278,944
29279,252
29280,201
29281,305
29282,110
29283,385
29284,753
29285,189
29286,189
29287,288
29288,103
29289,307
29290,607
29291,147
29292,307
29293,546
29294,142
29295,492
29296,944
29297,252
29298,201
29299,305
29300,110
29301,385
29302,753
29303,189
29304,189
29305,288
29306,103
29307,307
29308,607
29309,147
29310,307
29311,546
29312,142
29313,492
29314,944
29315,252
29316,201
29317,305
29318,110
29319,385
29320,753
29321,189
29322,189
29323,288
29324,103
29325,307
29326,607
29327,147
29328,307
29329,546
29330,142
29331,492
29332,944
29333,252
29334,201
29335,305
29336,110
29337,385
29338,753
29339,189
29340,189
29341,288
29342,103
29343,307
29344,607
29345,147
29346,307
29347,546
29348,142
29349,492
29350,944
29351,252
29352,201
29353,305
29354,110
29355,385
29356,753
29357,189
29358,189
29359,288
29360,103
29361,307
29362,607
29363,147
29364,307
29365,546
29366,142
29367,492
29368,944
29369,252
29370,201
29371,305
29372,110
29373,385
29374,753
29375,189
29376,189
29377,288
29378,103
29379,307
29380,607
29381,147
29382,307
29383,546
29384,142
29385,492
29386,944
29387,252
29388,201
29389,305
29390,110
29391,385
29392,753
29393,189
29394,189
29395,288
29396,103
29397,307
29398,607
29399,147
29400,307
29401,546
29402,142
29403,492
29404,944
29405,252
29406,201
29407,305
29408,110
29409,385
29410,753
29411,189
29412,189
29413,288
29414,103
29415,307
29416,607
29417,147
29418,307
29419,546
29420,142
29421,492
29422,944
29423,252
29424,201
29425,305
29426,110
29427,385
29428,753
29429,189
29430,189
29431,288
29432,103
29433,307
29434,607
29435,147
29436,307
29437,546
29438,142
29439,492
29440,944
29441,252
29442,201
29443,305
29444,110
29445,385
29446,753
29447,189
29448,189
29449,288
29450,103
29451,307
29452,607
29453,147
29454,307
29455,546
29456,142
29457,492
29458,944
29459,252
29460,201
29461,305
29462,110
29463,385
29464,753
29465,189
29466,189
29467,288
29468,103
29469,307
29470,607
29471,147
29472,307
29473,546
29474,142
29475,492
29476,944
29477,252
29478,201
29479,305
29480,110
29481,385
29482,753
29483,189
29484,189
29485,288
29486,103
29487,307
29488,607
29489,147
29490,307
29491,546
29492,142
29493,492
29494,944
29495,252
29496,201
29497,305
29498,110
29499,385
29500,753
29501,189
29502,189
29503,288
29504,103
29505,307
29506,607
29507,147
29508,307
29509,546
29510,142
29511,492
29512,944
29513,252
29514,201
29515,305
29516,110
29517,385
29518,753
29519,189
29520,189
29521,288
29522,103
29523,307
29524,607
29525,147
29526,307
29527,546
29528,142
29529,492
29530,944
29531,252
29532,201
29533,305
29534,110
29535,385
29536,753
29537,189
29538,189
29539,288
29540,103
29541,307
29542,607
29543,147
29544,307
29545,546
29546,142
29547,492
29548,944
29549,252
29550,201
29551,305
29552,110
29553,385
29554,753
29555,189
29556,189
29557,288
29558,103
29559,307
29560,607
29561,147
29562,307
29563,546
29564,142
29565,492
29566,944
29567,252
29568,201
29569,305
29570,110
29571,385
29572,753
29573,189
29574,189
29575,288
29576,103
29577,307
29578,607
29579,147
29580,307
29581,546
29582,142
29583,492
29584,944
29585,252
29586,201
29587,305
29588,110
29589,385
29590,753
29591,189
29592,189
29593,288
29594,103
29595,307
29596,607
29597,147
29598,307
29599,546
29600,142
29601,492
29602,944
29603,252
29604,201
29605,305
29606,110
29607,385
29608,753
29609,189
29610,189
29611,288
29612,103
29613,307
29614,607
29615,147
29616,307
29617,546
29618,142
29619,492
29620,944
29621,252
29622,201
29623,305
29624,110
29625,385
29626,753
29627,189
29628,189
29629,288
29630,103
29631,307
29632,607
29633,147
29634,307
29635,546
29636,142
29637,492
29638,944
29639,252
29640,201
29641,305
29642,110
29643,385
29644,753
29645,189
29646,189
29647,288
29648,103
29649,307
29650,607
29651,147
29652,307
29653,546
29654,142
29655,492
29656,944
29657,252
29658,201
29659,305
29660,110
29661,385
29662,753
29663,189
29664,189
29665,288
29666,103
29667,307
29668,607
29669,147
29670,307
29671,546
29672,142
29673,492
29674,944
29675,252
29676,201
29677,305
29678,110
29679,385
29680,753
29681,189
29682,189
29683,288
29684,103
29685,307
29686,607
29687,147
29688,307
29689,546
29690,142
29691,492
29692,944
29693,252
29694,201
29695,305
29696,110
29697,385
29698,753
29699,189
29700,189
29701,288
29702,103
29703,307
29704,607
29705,147
29706,307
29707,546
29708,142
29709,492
29710,944
29711,252
29712,201
29713,305
29714,110
29715,385
29716,753
29717,189
29718,189
29719,288
29720,103
29721,307
29722,607
29723,147
29724,307
29725,546
29726,142
29727,492
29728,944
29729,252
29730,201
29731,305
29732,110
29733,385
29734,753
29735,189
29736,189
29737,288
29738,103
29739,307
29740,607
29741,147
29742,307
29743,546
29744,142
29745,492
29746,944
29747,252
29748,201
29749,305
29750,110
29751,385
29752,753
29753,189
29754,189
29755,288
29756,103
29757,307
29758,607
29759,147
29760,307
29761,546
29762,142
29763,492
29764,944
29765,252
29766,201
29767,305
29768,110
29769,385
29770,753
29771,189
29772,189
29773,288
29774,103
29775,307
29776,607
29777,147
29778,307
29779,546
29780,142
29781,492
29782,944
29783,252
29784,201
29785,305
29786,110
29787,385
29788,753
29789,189
29790,189
29791,288
29792,103
29793,307
29794,607
29795,147
29796,307
29797,546
29798,142
29799,492
29800,944
29801,252
29802,201
29803,305
29804,110
29805,385
29806,753
29807,189
29808,189
29809,288
29810,103
29811,307
29812,607
29813,147
29814,307
29815,546
29816,142
29817,492
29818,944
29819,252
29820,201
29821,305
29822,110
29823,385
29824,753
29825,189
29826,189
29827,288
29828,103
29829,307
29830,607
29831,147
29832,307
29833,546
29834,142
29835,492
29836,944
29837,252
29838,201
29839,305
29840,110
29841,385
29842,753
29843,189
29844,189
29845,288
29846,103
29847,307
29848,607
29849,147
29850,307
29851,546
29852,142
29853,492
29854,944
29855,252
29856,201
29857,305
29858,110
29859,385
29860,753
29861,189
29862,189
29863,288
29864,103
29865,307
29866,607
29867,147
29868,307
29869,546
29870,142
29871,492
29872,944
29873,252
29874,201
29875,305
29876,110
29877,385
29878,753
29879,189
29880,189
29881,288
29882,103
29883,307
29884,607
29885,147
29886,307
29887,546
29888,142
29889,492
29890,944
29891,252
29892,201
29893,305
29894,110
29895,385
29896,753
29897,189
29898,189
29899,288
29900,103
29901,307
29902,607
29903,147
29904,307
29905,546
29906,142
29907,492
29908,944
29909,252
29910,201
29911,305
29912,110
29913,385
29914,753
29915,189
29916,189
29917,288
29918,103
29919,307
29920,607
29921,147
29922,307
29923,546
29924,142
29925,492
29926,944
29927,252
29928,201
29929,305
29930,110
29931,385
29932,753
29933,189
29934,189
29935,288
29936,103
29937,307
29938,607
29939,147
29940,307
29941,546
29942,142
29943,492
29944,944
29945,252
29946,201
29947,305
29948,110
29949,385
29950,753
29951,189
29952,189
29953,288
29954,103
29955,307
29956,607
29957,147
29958,307
29959,546
29960,142
29961,492
29962,944
29963,252
29964,201
29965,305
29966,110
29967,385
29968,753
29969,189
29970,189
29971,288
29972,103
29973,307
29974,607
29975,147
29976,307
29977,546
29978,142
29979,492
29980,944
29981,252
29982,201
29983,305
29984,110
29985,385
29986,753
29987,189
29988,189
29989,288
29990,103
29991,307
29992,607
29993,147
29994,307
29995,546
29996,142
29997,492
29998,944
29999,252
30000,201
30001,305
30002,110
30003,385
30004,753
30005,189
30006,189
30007,288
30008,103
30009,307
30010,607
30011,147
30012,307
30013,546
30014,142
30015,492
30016,944
30017,252
30018,201
30019,305
30020,110
30021,385
30022,753
30023,189
30024,189
30025,288
30026,103
30027,307
30028,607
30029,147
30030,307
30031,546
30032,142
30033,492
30034,944
30035,252
30036,201
30037,305
30038,110
30039,385
30040,753
30041,189
30042,189
30043,288
30044,103
30045,307
30046,607
30047,147
30048,307
30049,546
30050,142
30051,492
30052,944
30053,252
30054,201
30055,305
30056,110
30057,385
30058,753
30059,189
30060,189
30061,288
30062,103
30063,307
30064,607
30065,147
30066,307
30067,546
30068,142
30069,492
30070,944
30071,252
30072,201
30073,305
30074,110
30075,385
30076,753
30077,189
30078,189
30079,288
30080,103
30081,307
30082,607
30083,147
30084,307
30085,546
30086,142
30087,492
30088,944
30089,252
30090,201
30091,305
30092,110
30093,385
30094,753
30095,189
30096,189
30097,288
30098,103
30099,307
30100,607
30101,147
30102,307
30103,546
30104,142
30105,492
30106,944
30107,252
30108,201
30109,305
30110,110
30111,385
30112,753
30113,189
30114,189
30115,288
30116,103
30117,307
30118,607
30119,147
30120,307
30121,546
30122,142
30123,492
30124,944
30125,252
30126,201
30127,305
30128,110
30129,385
30130,753
30131,189
30132,189
30133,288
30134,103
30135,307
30136,607
30137,147
30138,307
30139,546
30140,142
30141,492
30142,944
30143,252
30144,201
30145,305
30146,110
30147,385
30148,753
30149,189
30150,189
30151,288
30152,103
30153,307
30154,607
30155,147
30156,307
30157,546
30158,142
30159,492
30160,944
30161,252
30162,201
30163,305
30164,110
30165,385
30166,753
30167,189
30168,189
30169,288
30170,103
30171,307
30172,607
30173,147
30174,307
30175,546
30176,142
30177,492
30178,944
30179,252
30180,201
30181,305
30182,110
30183,385
30184,753
30185,189
30186,189
30187,288
30188,103
30189,307
30190,607
30191,147
30192,307
30193,546
30194,142
30195,492
30196,944
30197,252
30198,201
30199,305
30200,110
30201,385
30202,753
30203,189
30204,189
30205,288
30206,103
30207,307
30208,607
30209,147
30210,307
30211,546
30212,142
30213,492
30214,944
30215,252
30216,201
30217,305
30218,110
30219,385
30220,753
30221,189
30222,189
30223,288
30224,103
30225,307
30226,607
30227,147
30228,307
30229,546
30230,142
30231,492
30232,944
30233,252
30234,201
30235,305
30236,110
30237,385
30238,753
30239,189
30240,189
30241,288
30242,103
30243,307
30244,607
30245,147
30246,307
30247,546
30248,142
30249,492
30250,944
30251,252
30252,201
30253,305
30254,110
30255,385
30256,753
30257,189
30258,189
30259,288
30260,103
30261,307
30262,607
30263,147
30264,307
30265,546
30266,142
30267,492
30268,944
30269,252
30270,201
30271,305
30272,110
30273,385
30274,753
30275,189
30276,189
30277,288
30278,103
30279,307
30280,607
30281,147
30282,307
30283,546
30284,142
30285,492
30286,944
30287,252
30288,201
30289,305
30290,110
30291,385
30292,753
30293,189
30294,189
30295,288
30296,103
30297,307
30298,607
30299,147
30300,307
30301,546
30302,142
30303,492
30304,944
30305,252
30306,201
30307,305
30308,110
30309,385
30310,753
30311,189
30312,189
30313,288
30314,103
30315,307
30316,607
30317,147
30318,307
30319,546
30320,142
30321,492
30322,944
30323,252
30324,201
30325,305
30326,110
30327,385
30328,753
30329,189
30330,189
30331,288
30332,103
30333,307
30334,607
30335,147
30336,307
30337,546
30338,142
30339,492
30340,944
30341,252
30342,201
30343,305
30344,110
30345,385
30346,753
30347,189
30348,189
30349,288
30350,103
30351,307
30352,607
30353,147
30354,307
30355,546
30356,142
30357,492
30358,944
30359,252
30360,201
30361,305
30362,110
30363,385
30364,753
30365,189
30366,189
30367,288
30368,103
30369,307
30370,607
30371,147
30372,307
30373,546
30374,142
30375,492
30376,944
30377,252
30378,201
30379,305
30380,110
30381,385
30382,753
30383,189
30384,189
30385,288
30386,103
30387,307
30388,607
30389,147
30390,307
30391,546
30392,142
30393,492
30394,944
30395,252
30396,201
30397,305
30398,110
30399,385
30400,753
30401,189
30402,189
30403,288
30404,103
30405,307
30406,607
30407,147
30408,307
30409,546
30410,142
30411,492
30412,944
30413,252
30414,201
30415,305
30416,110
30417,385
30418,753
30419,189
30420,189
30421,288
30422,103
30423,307
30424,607
30425,147
30426,307
30427,546
30428,142
30429,492
30430,944
30431,252
30432,201
30433,305
30434,110
30435,385
30436,753
30437,189
30438,189
30439,288
30440,103
30441,307
30442,607
30443,147
30444,307
30445,546
30446,142
30447,492
30448,944
30449,252
30450,201
30451,305
30452,110
30453,385
30454,753
30455,189
30456,189
30457,288
30458,103
30459,307
30460,607
30461,147
30462,307
30463,546
30464,142
30465,492
30466,944
30467,252
30468,201
30469,305
30470,110
30471,385
30472,753
30473,189
30474,189
30475,288
30476,103
30477,307
30478,607
30479,147
30480,307
30481,546
30482,142
30483,492
30484,944
30485,252
30486,201
30487,305
30488,110
30489,385
30490,753
30491,189
30492,189
30493,288
30494,103
30495,307
30496,607
30497,147
30498,307
30499,546
30500,142
30501,492
30502,944
30503,252
30504,201
30505,305
30506,110
30507,385
30508,753
30509,189
30510,189
30511,288
30512,103
30513,307
30514,607
30515,147
30516,307
30517,546
30518,142
30519,492
30520,944
30521,252
30522,201
30523,305
30524,110
30525,385
30526,753
30527,189
30528,189
30529,288
30530,103
30531,307
30532,607
30533,147
30534,307
30535,546
30536,142
30537,492
30538,944
30539,252
30540,201
30541,305
30542,110
30543,385
30544,753
30545,189
30546,189
30547,288
30548,103
30549,307
30550,607
30551,147
30552,307
30553,546
30554,142
30555,492
30556,944
30557,252
30558,201
30559,305
30560,110
30561,385
30562,753
30563,189
30564,189
30565,288
30566,103
30567,307
30568,607
30569,147
30570,307
30571,546
30572,142
30573,492
30574,944
30575,252
30576,201
30577,305
30578,110
30579,385
30580,753
30581,189
30582,189
30583,288
30584,103
30585,307
30586,607
30587,147
30588,307
30589,546
30590,142
30591,492
30592,944
30593,252
30594,201
30595,305
30596,110
30597,385
30598,753
30599,189
30600,189
30601,288
30602,103
30603,307
30604,607
30605,147
30606,307
30607,546
30608,142
30609,492
30610,944
30611,252
30612,201
30613,305
30614,110
30615,385
30616,753
30617,189
30618,189
30619,288
30620,103
30621,307
30622,607
30623,147
30624,307
30625,546
30626,142
30627,492
30628,944
30629,252
30630,201
30631,305
30632,110
30633,385
30634,753
30635,189
30636,189
30637,288
30638,103
30639,307
30640,607
30641,147
30642,307
30643,546
30644,142
30645,492
30646,944
30647,252
30648,201
30649,305
30650,110
30651,385
30652,753
30653,189
30654,189
30655,288
30656,103
30657,307
30658,607
30659,147
30660,307
30661,546
30662,142
30663,492
30664,944
30665,252
30666,201
30667,305
30668,110
30669,385
30670,753
30671,189
30672,189
30673,288
30674,103
30675,307
30676,607
30677,147
30678,307
30679,546
30680,142
30681,492
30682,944
30683,252
30684,201
30685,305
30686,110
30687,385
30688,753
30689,189
30690,189
30691,288
30692,103
30693,307
30694,607
30695,147
30696,307
30697,546
30698,142
30699,492
30700,944
30701,252
30702,201
30703,305
30704,110
30705,385
30706,753
30707,189
30708,189
30709,288
30710,103
30711,307
30712,607
30713,147
30714,307
30715,546
30716,142
30717,492
30718,944
30719,252
30720,201
30721,305
30722,110
30723,385
30724,753
30725,189
30726,189
30727,288
30728,103
30729,307
30730,607
30731,147
30732,307
30733,546
30734,142
30735,492
30736,944
30737,252
30738,201
30739,305
30740,110
30741,385
30742,753
30743,189
30744,189
30745,288
30746,103
30747,307
30748,607
30749,147
30750,307
30751,546
30752,142
30753,492
30754,944
30755,252
30756,201
30757,305
30758,110
30759,385
30760,753
30761,189
30762,189
30763,288
30764,103
30765,307
30766,607
30767,147
30768,307
30769,546
30770,142
30771,492
30772,944
30773,252
30774,201
30775,305
30776,110
30777,385
30778,753
30779,189
30780,189
30781,288
30782,103
30783,307
30784,607
30785,147
30786,307
30787,546
30788,142
30789,492
30790,944
30791,252
30792,201
30793,305
30794,110
30795,385
30796,753
30797,189
30798,189
30799,288
30800,103
30801,307
30802,607
30803,147
30804,307
30805,546
30806,142
30807,492
30808,944
30809,252
30810,201
30811,305
30812,110
30813,385
30814,753
30815,189
30816,189
30817,288
30818,103
30819,307
30820,607
30821,147
30822,307
30823,546
30824,142
30825,492
30826,944
30827,252
30828,201
30829,305
30830,110
30831,385
30832,753
30833,189
30834,189
30835,288
30836,103
30837,307
30838,607
30839,147
30840,307
30841,546
30842,142
30843,492
30844,944
30845,252
30846,201
30847,305
30848,110
30849,385
30850,753
30851,189
30852,189
30853,288
30854,103
30855,307
30856,607
30857,147
30858,307
30859,546
30860,142
30861,492
30862,944
30863,252
30864,201
30865,305
30866,110
30867,385
30868,753
30869,189
30870,189
30871,288
30872,103
30873,307
30874,607
30875,147
30876,307
30877,546
30878,142
30879,492
30880,944
30881,252
30882,201
30883,305
30884,110
30885,385
30886,753
30887,189
30888,189
30889,288
30890,103
30891,307
30892,607
30893,147
30894,307
30895,546
30896,142
30897,492
30898,944
30899,252
30900,201
30901,305
30902,110
30903,385
30904,753
30905,189
30906,189
30907,288
30908,103
30909,307
30910,607
30911,147
30912,307
30913,546
30914,142
30915,492
30916,944
30917,252
30918,201
30919,305
30920,110
30921,385
30922,753
30923,189
30924,189
30925,288
30926,103
30927,307
30928,607
30929,147
30930,307
30931,546
30932,142
30933,492
30934,944
30935,252
30936,201
30937,305
30938,110
30939,385
30940,753
30941,189
30942,189
30943,288
30944,103
30945,307
30946,607
30947,147
30948,307
30949,546
30950,142
30951,492
30952,944
30953,252
30954,201
30955,305
30956,110
30957,385
30958,753
30959,189
30960,189
30961,288
30962,103
30963,307
30964,607
30965,147
30966,307
30967,546
30968,142
30969,492
30970,944
30971,252
30972,201
30973,305
30974,110
30975,385
30976,753
30977,189
30978,189
30979,288
30980,103
30981,307
30982,607
30983,147
30984,307
30985,546
30986,142
30987,492
30988,944
30989,252
30990,201
30991,305
30992,110
30993,385
30994,753
30995,189
30996,189
30997,288
30998,103
30999,307
31000,607
31001,147
31002,307
31003,546
31004,142
31005,492
31006,944
31007,252
31008,201
31009,305
31010,110
31011,385
31012,753
31013,189
31014,189
31015,288
31016,103
31017,307
31018,607
31019,147
31020,307
31021,546
31022,142
31023,492
31024,944
31025,252
31026,201
31027,305
31028,110
31029,385
31030,753
31031,189
31032,189
31033,288
31034,103
31035,307
31036,607
31037,147
31038,307
31039,546
31040,142
31041,492
31042,944
31043,252
31044,201
31045,305
31046,110
31047,385
31048,753
31049,189
31050,189
31051,288
31052,103
31053,307
31054,607
31055,147
31056,307
31057,546
31058,142
31059,492
31060,944
31061,252
31062,201
31063,305
31064,110
31065,385
31066,753
31067,189
31068,189
31069,288
31070,103
31071,307
31072,607
31073,147
31074,307
31075,546
31076,142
31077,492
31078,944
31079,252
31080,201
31081,305
31082,110
31083,385
31084,753
31085,189
31086,189
31087,288
31088,103
31089,307
31090,607
31091,147
31092,307
31093,546
31094,142
31095,492
31096,944
31097,252
31098,201
31099,305
31100,110
31101,385
31102,753
31103,189
31104,189
31105,288
31106,103
31107,307
31108,607
31109,147
31110,307
31111,546
31112,142
31113,492
31114,944
31115,252
31116,201
31117,305
31118,110
31119,385
31120,753
31121,189
31122,189
31123,288
31124,103
31125,307
31126,607
31127,147
31128,307
31129,546
31130,142
31131,492
31132,944
31133,252
31134,201
31135,305
31136,110
31137,385
31138,753
31139,189
31140,189
31141,288
31142,103
31143,307
31144,607
31145,147
31146,307
31147,546
31148,142
31149,492
31150,944
31151,252
31152,201
31153,305
31154,110
31155,385
31156,753
31157,189
31158,189
31159,288
31160,103
31161,307
31162,607
31163,147
31164,307
31165,546
31166,142
31167,492
31168,944
31169,252
31170,201
31171,305
31172,110
31173,385
31174,753
31175,189
31176,189
31177,288
31178,103
31179,307
31180,607
31181,147
31182,307
31183,546
31184,142
31185,492
31186,944
31187,252
31188,201
31189,305
31190,110
31191,385
31192,753
31193,189
31194,189
31195,288
31196,103
31197,307
31198,607
31199,147
31200,307
31201,546
31202,142
31203,492
31204,944
31205,252
31206,201
31207,305
31208,110
31209,385
31210,753
31211,189
31212,189
31213,288
31214,103
31215,307
31216,607
31217,147
31218,307
31219,546
31220,142
31221,492
31222,944
31223,252
31224,201
31225,305
31226,110
31227,385
31228,753
31229,189
31230,189
31231,288
31232,103
31233,307
31234,607
31235,147
31236,307
31237,546
31238,142
31239,492
31240,944
31241,252
31242,201
31243,305
31244,110
31245,385
31246,753
31247,189
31248,189
31249,288
31250,103
31251,307
31252,607
31253,147
31254,307
31255,546
31256,142
31257,492
31258,944
31259,252
31260,201
31261,305
31262,110
31263,385
31264,753
31265,189
31266,189
31267,288
31268,103
31269,307
31270,607
31271,147
31272,307
31273,546
31274,142
31275,492
31276,944
31277,252
31278,201
31279,305
31280,110
31281,385
31282,753
31283,189
31284,189
31285,288
31286,103
31287,307
31288,607
31289,147
31290,307
31291,546
31292,142
31293,492
31294,944
31295,252
31296,201
31297,305
31298,110
31299,385
31300,753
31301,189
31302,189
31303,288
31304,103
31305,307
31306,607
31307,147
31308,307
31309,546
31310,142
31311,492
31312,944
31313,252
31314,201
31315,305
31316,110
31317,385
31318,753
31319,189
31320,189
31321,288
31322,103
31323,307
31324,607
31325,147
31326,307
31327,546
31328,142
31329,492
31330,944
31331,252
31332,201
31333,305
31334,110
31335,385
31336,753
31337,189
31338,189
31339,288
31340,103
31341,307
31342,607
31343,147
31344,307
31345,546
31346,142
31347,492
31348,944
31349,252
31350,201
31351,305
31352,110
31353,385
31354,753
31355,189
31356,189
31357,288
31358,103
31359,307
31360,607
31361,147
31362,307
31363,546
31364,142
31365,492
31366,944
31367,252
31368,201
31369,305
31370,110
31371,385
31372,753
31373,189
31374,189
31375,288
31376,103
31377,307
31378,607
31379,147
31380,307
31381,546
31382,142
31383,492
31384,944
31385,252
31386,201
31387,305
31388,110
31389,385
31390,753
31391,189
31392,189
31393,288
31394,103
31395,307
31396,607
31397,147
31398,307
31399,546
31400,142
31401,492
31402,944
31403,252
31404,201
31405,305
31406,110
31407,385
31408,753
31409,189
31410,189
31411,288
31412,103
31413,307
31414,607
31415,147
31416,307
31417,546
31418,142
31419,492
31420,944
31421,252
31422,201
31423,305
31424,110
31425,385
31426,753
31427,189
31428,189
31429,288
31430,103
31431,307
31432,607
31433,147
31434,307
31435,546
31436,142
31437,492
31438,944
31439,252
31440,201
31441,305
31442,110
31443,385
31444,753
31445,189
31446,189
31447,288
31448,103
31449,307
31450,607
31451,147
31452,307
31453,546
31454,142
31455,492
31456,944
31457,252
31458,201
31459,305
31460,110
31461,385
31462,753
31463,189
31464,189
31465,288
31466,103
31467,307
31468,607
31469,147
31470,307
31471,546
31472,142
31473,492
31474,944
31475,252
31476,201
31477,305
31478,110
31479,385
31480,753
31481,189
31482,189
31483,288
31484,103
31485,307
31486,607
31487,147
31488,307
31489,546
31490,142
31491,492
31492,944
31493,252
31494,201
31495,305
31496,110
31497,385
31498,753
31499,189
31500,189
31501,288
31502,103
31503,307
31504,607
31505,147
31506,307
31507,546
31508,142
31509,492
31510,944
31511,252
31512,201
31513,305
31514,110
31515,385
31516,753
31517,189
31518,189
31519,288
31520,103
31521,307
31522,607
31523,147
31524,307
31525,546
31526,142
31527,492
31528,944
31529,252
31530,201
31531,305
31532,110
31533,385
31534,753
31535,189
31536,189
31537,288
31538,103
31539,307
31540,607
31541,147
31542,307
31543,546
31544,142
31545,492
31546,944
31547,252
31548,201
31549,305
31550,110
31551,385
31552,753
31553,189
31554,189
31555,288
31556,103
31557,307
31558,607
31559,147
31560,307
31561,546
31562,142
31563,492
31564,944
31565,252
31566,201
31567,305
31568,110
31569,385
31570,753
31571,189
31572,189
31573,288
31574,103
31575,307
31576,607
31577,147
31578,307
31579,546
31580,142
31581,492
31582,944
31583,252
31584,201
31585,305
31586,110
31587,385
31588,753
31589,189
31590,189
31591,288
31592,103
31593,307
31594,607
31595,147
31596,307
31597,546
31598,142
31599,492
31600,944
31601,252
31602,201
31603,305
31604,110
31605,385
31606,753
31607,189
31608,189
31609,288
31610,103
31611,307
31612,607
31613,147
31614,307
31615,546
31616,142
31617,492
31618,944
31619,252
31620,201
31621,305
31622,110
31623,385
31624,753
31625,189
31626,189
31627,288
31628,103
31629,307
31630,607
31631,147
31632,307
31633,546
31634,142
31635,492
31636,944
31637,252
31638,201
31639,305
31640,110
31641,385
31642,753
31643,189
31644,189
31645,288
31646,103
31647,307
31648,607
31649,147
31650,307
31651,546
31652,142
31653,492
31654,944
31655,252
31656,201
31657,305
31658,110
31659,385
31660,753
31661,189
31662,189
31663,288
31664,103
31665,307
31666,607
31667,147
31668,307
31669,546
31670,142
31671,492
31672,944
31673,252
31674,201
31675,305
31676,110
31677,385
31678,753
31679,189
31680,189
31681,288
31682,103
31683,307
31684,607
31685,147
31686,307
31687,546
31688,142
31689,492
31690,944
31691,252
31692,201
31693,305
31694,110
31695,385
31696,753
31697,189
31698,189
31699,288
31700,103
31701,307
31702,607
31703,147
31704,307
31705,546
31706,142
31707,492
31708,944
31709,252
31710,201
31711,305
31712,110
31713,385
31714,753
31715,189
31716,189
31717,288
31718,103
31719,307
31720,607
31721,147
31722,307
31723,546
31724,142
31725,492
31726,944
31727,252
31728,201
31729,305
31730,110
31731,385
31732,753
31733,189
31734,189
31735,288
31736,103
31737,307
31738,607
31739,147
31740,307
31741,546
31742,142
31743,492
31744,944
31745,252
31746,201
31747,305
31748,110
31749,385
31750,753
31751,189
31752,189
31753,288
31754,103
31755,307
31756,607
31757,147
31758,307
31759,546
31760,142
31761,492
31762,944
31763,252
31764,201
31765,305
31766,110
31767,385
31768,753
31769,189
31770,189
31771,288
31772,103
31773,307
31774,607
31775,147
31776,307
31777,546
31778,142
31779,492
31780,944
31781,252
31782,201
31783,305
31784,110
31785,385
31786,753
31787,189
31788,189
31789,288
31790,103
31791,307
31792,607
31793,147
31794,307
31795,546
31796,142
31797,492
31798,944
31799,252
31800,201
31801,305
31802,110
31803,385
31804,753
31805,189
31806,189
31807,288
31808,103
31809,307
31810,607
31811,147
31812,307
31813,546
31814,142
31815,492
31816,944
31817,252
31818,201
31819,305
31820,110
31821,385
31822,753
31823,189
31824,189
31825,288
31826,103
31827,307
31828,607
31829,147
31830,307
31831,546
31832,142
31833,492
31834,944
31835,252
31836,201
31837,305
31838,110
31839,385
31840,753
31841,189
31842,189
31843,288
31844,103
31845,307
31846,607
31847,147
31848,307
31849,546
31850,142
31851,492
31852,944
31853,252
31854,201
31855,305
31856,110
31857,385
31858,753
31859,189
31860,189
31861,288
31862,103
31863,307
31864,607
31865,147
31866,307
31867,546
31868,142
31869,492
31870,944
31871,252
31872,201
31873,305
31874,110
31875,385
31876,753
31877,189
31878,189
31879,288
31880,103
31881,307
31882,607
31883,147
31884,307
31885,546
31886,142
31887,492
31888,944
31889,252
31890,201
31891,305
31892,110
31893,385
31894,753
31895,189
31896,189
31897,288
31898,103
31899,307
31900,607
31901,147
31902,307
31903,546
31904,142
31905,492
31906,944
31907,252
31908,201
31909,305
31910,110
31911,385
31912,753
31913,189
31914,189
31915,288
31916,103
31917,307
31918,607
31919,147
31920,307
31921,546
31922,142
31923,492
31924,944
31925,252
31926,201
31927,305
31928,110
31929,385
31930,753
31931,189
31932,189
31933,288
31934,103
31935,307
31936,607
31937,147
31938,307
31939,546
31940,142
31941,492
31942,944
31943,252
31944,201
31945,305
31946,110
31947,385
31948,753
31949,189
31950,189
31951,288
31952,103
31953,307
31954,607
31955,147
31956,307
31957,546
31958,142
31959,492
31960,944
31961,252
31962,201
31963,305
31964,110
31965,385
31966,753
31967,189
31968,189
31969,288
31970,103
31971,307
31972,607
31973,147
31974,307
31975,546
31976,142
31977,492
31978,944
31979,252
31980,201
31981,305
31982,110
31983,385
31984,753
31985,189
31986,189
31987,288
31988,103
31989,307
31990,607
31991,147
31992,307
31993,546
31994,142
31995,492
31996,944
31997,252
31998,201
31999,305
32000,110
32001,385
32002,753
32003,189
32004,189
32005,288
32006,103
32007,307
32008,607
32009,147
32010,307
32011,546
32012,142
32013,492
32014,944
32015,252
32016,201
32017,305
32018,110
32019,385
32020,753
32021,189
32022,189
32023,288
32024,103
32025,307
32026,607
32027,147
32028,307
32029,546
32030,142
32031,492
32032,944
32033,252
32034,201
32035,305
32036,110
32037,385
32038,753
32039,189
32040,189
32041,288
32042,103
32043,307
32044,607
32045,147
32046,307
32047,546
32048,142
32049,492
32050,944
32051,252
32052,201
32053,305
32054,110
32055,385
32056,753
32057,189
32058,189
32059,288
32060,103
32061,307
32062,607
32063,147
32064,307
32065,546
32066,142
32067,492
32068,944
32069,252
32070,201
32071,305
32072,110
32073,385
32074,753
32075,189
32076,189
32077,288
32078,103
32079,307
32080,607
32081,147
32082,307
32083,546
32084,142
32085,492
32086,944
32087,252
32088,201
32089,305
32090,110
32091,385
32092,753
32093,189
32094,189
32095,288
32096,103
32097,307
32098,607
32099,147
32100,307
32101,546
32102,142
32103,492
32104,944
32105,252
32106,201
32107,305
32108,110
32109,385
32110,753
32111,189
32112,189
32113,288
32114,103
32115,307
32116,607
32117,147
32118,307
32119,546
32120,142
32121,492
32122,944
32123,252
32124,201
32125,305
32126,110
32127,385
32128,753
32129,189
32130,189
32131,288
32132,103
32133,307
32134,607
32135,147
32136,307
32137,546
32138,142
32139,492
32140,944
32141,252
32142,201
32143,305
32144,110
32145,385
32146,753
32147,189
32148,189
32149,288
32150,103
32151,307
32152,607
32153,147
32154,307
32155,546
32156,142
32157,492
32158,944
32159,252
32160,201
32161,305
32162,110
32163,385
32164,753
32165,189
32166,189
32167,288
32168,103
32169,307
32170,607
32171,147
32172,307
32173,546
32174,142
32175,492
32176,944
32177,252
32178,201
32179,305
32180,110
32181,385
32182,753
32183,189
32184,189
32185,288
32186,103
32187,307
32188,607
32189,147
32190,307
32191,546
32192,142
32193,492
32194,944
32195,252
32196,201
32197,305
32198,110
32199,385
32200,753
32201,189
32202,189
32203,288
32204,103
32205,307
32206,607
32207,147
32208,307
32209,546
32210,142
32211,492
32212,944
32213,252
32214,201
32215,305
32216,110
32217,385
32218,753
32219,189
32220,189
32221,288
32222,103
32223,307
32224,607
32225,147
32226,307
32227,546
32228,142
32229,492
32230,944
32231,252
32232,201
32233,305
32234,110
32235,385
32236,753
32237,189
32238,189
32239,288
32240,103
32241,307
32242,607
32243,147
32244,307
32245,546
32246,142
32247,492
32248,944
32249,252
32250,201
32251,305
32252,110
32253,385
32254,753
32255,189
32256,189
32257,288
32258,103
32259,307
32260,607
32261,147
32262,307
32263,546
32264,142
32265,492
32266,944
32267,252
32268,201
32269,305
32270,110
32271,385
32272,753
32273,189
32274,189
32275,288
32276,103
32277,307
32278,607
32279,147
32280,307
32281,546
32282,142
32283,492
32284,944
32285,252
32286,201
32287,305
32288,110
32289,385
32290,753
32291,189
32292,189
32293,288
32294,103
32295,307
32296,607
32297,147
32298,307
32299,546
32300,142
32301,492
32302,944
32303,252
32304,201
32305,305
32306,110
32307,385
32308,753
32309,189
32310,189
32311,288
32312,103
32313,307
32314,607
32315,147
32316,307
32317,546
32318,142
32319,492
32320,944
32321,252
32322,201
32323,305
32324,110
32325,385
32326,753
32327,189
32328,189
32329,288
32330,103
32331,307
32332,607
32333,147
32334,307
32335,546
32336,142
32337,492
32338,944
32339,252
32340,201
32341,305
32342,110
32343,385
32344,753
32345,189
32346,189
32347,288
32348,103
32349,307
32350,607
32351,147
32352,307
32353,546
32354,142
32355,492
32356,944
32357,252
32358,201
32359,305
32360,110
32361,385
32362,753
32363,189
32364,189
32365,288
32366,103
32367,307
32368,607
32369,147
32370,307
32371,546
32372,142
32373,492
32374,944
32375,252
32376,201
32377,305
32378,110
32379,385
32380,753
32381,189
32382,189
32383,288
32384,103
32385,307
32386,607
32387,147
32388,307
32389,546
32390,142
32391,492
32392,944
32393,252
32394,201
32395,305
32396,110
32397,385
32398,753
32399,189
32400,189
32401,288
32402,103
32403,307
32404,607
32405,147
32406,307
32407,546
32408,142
32409,492
32410,944
32411,252
32412,201
32413,305
32414,110
32415,385
32416,753
32417,189
32418,189
32419,288
32420,103
32421,307
32422,607
32423,147
32424,307
32425,546
32426,142
32427,492
32428,944
32429,252
32430,201
32431,305
32432,110
32433,385
32434,753
32435,189
32436,189
32437,288
32438,103
32439,307
32440,607
32441,147
32442,307
32443,546
32444,142
32445,492
32446,944
32447,252
32448,201
32449,305
32450,110
32451,385
32452,753
32453,189
32454,189
32455,288
32456,103
32457,307
32458,607
32459,147
32460,307
32461,546
32462,142
32463,492
32464,944
32465,252
32466,201
32467,305
32468,110
32469,385
32470,753
32471,189
32472,189
32473,288
32474,103
32475,307
32476,607
32477,147
32478,307
32479,546
32480,142
32481,492
32482,944
32483,252
32484,201
32485,305
32486,110
32487,385
32488,753
32489,189
32490,189
32491,288
32492,103
32493,307
32494,607
32495,147
32496,307
32497,546
32498,142
32499,492
32500,944
32501,252
32502,201
32503,305
32504,110
32505,385
32506,753
32507,189
32508,189
32509,288
32510,103
32511,307
32512,607
32513,147
32514,307
32515,546
32516,142
32517,492
32518,944
32519,252
32520,201
32521,305
32522,110
32523,385
32524,753
32525,189
32526,189
32527,288
32528,103
32529,307
32530,607
32531,147
32532,307
32533,546
32534,142
32535,492
32536,944
32537,252
32538,201
32539,305
32540,110
32541,385
32542,753
32543,189
32544,189
32545,288
32546,103
32547,307
32548,607
32549,147
32550,307
32551,546
32552,142
32553,492
32554,944
32555,252
32556,201
32557,305
32558,110
32559,385
32560,753
32561,189
32562,189
32563,288
32564,103
32565,307
32566,607
32567,147
32568,307
32569,546
32570,142
32571,492
32572,944
32573,252
32574,201
32575,305
32576,110
32577,385
32578,753
32579,189
32580,189
32581,288
32582,103
32583,307
32584,607
32585,147
32586,307
32587,546
32588,142
32589,492
32590,944
32591,252
32592,201
32593,305
32594,110
32595,385
32596,753
32597,189
32598,189
32599,288
32600,103
32601,307
32602,607
32603,147
32604,307
32605,546
32606,142
32607,492
32608,944
32609,252
32610,201
32611,305
32612,110
32613,385
32614,753
32615,189
32616,189
32617,288
32618,103
32619,307
32620,607
32621,147
32622,307
32623,546
32624,142
32625,492
32626,944
32627,252
32628,201
32629,305
32630,110
32631,385
32632,753
32633,189
32634,189
32635,288
32636,103
32637,307
32638,607
32639,147
32640,307
32641,546
32642,142
32643,492
32644,944
32645,252
32646,201
32647,305
32648,110
32649,385
32650,753
32651,189
32652,189
32653,288
32654,103
32655,307
32656,607
32657,147
32658,307
32659,546
32660,142
32661,492
32662,944
32663,252
32664,201
32665,305
32666,110
32667,385
32668,753
32669,189
32670,189
32671,288
32672,103
32673,307
32674,607
32675,147
32676,307
32677,546
32678,142
32679,492
32680,944
32681,252
32682,201
32683,305
32684,110
32685,385
32686,753
32687,189
32688,189
32689,288
32690,103
32691,307
32692,607
32693,147
32694,307
32695,546
32696,142
32697,492
32698,944
32699,252
32700,201
32701,305
32702,110
32703,385
32704,753
32705,189
32706,189
32707,288
32708,103
32709,307
32710,607
32711,147
32712,307
32713,546
32714,142
32715,492
32716,944
32717,252
32718,201
32719,305
32720,110
32721,385
32722,753
32723,189
32724,189
32725,288
32726,103
32727,307
32728,607
32729,147
32730,307
32731,546
32732,142
32733,492
32734,944
32735,252
32736,201
32737,305
32738,110
32739,385
32740,753
32741,189
32742,189
32743,288
32744,103
32745,307
32746,607
32747,147
32748,307
32749,546
32750,142
32751,492
32752,944
32753,252
32754,201
32755,305
32756,110
32757,385
32758,753
32759,189
32760,189
32761,288
32762,103
32763,307
32764,607
32765,147
32766,307
32767,546
32768,142
32769,492
32770,944
32771,252
32772,201
32773,305
32774,110
32775,385
32776,753
32777,189
32778,189
32779,288
32780,103
32781,307
32782,607
32783,147
32784,307
32785,546
32786,142
32787,492
32788,944
32789,252
32790,201
32791,305
32792,110
32793,385
32794,753
32795,189
32796,189
32797,288
32798,103
32799,307
32800,607
32801,147
32802,307
32803,546
32804,142
32805,492
32806,944
32807,252
32808,201
32809,305
32810,110
32811,385
32812,753
32813,189
32814,189
32815,288
32816,103
32817,307
32818,607
32819,147
32820,307
32821,546
32822,142
32823,492
32824,944
32825,252
32826,201
32827,305
32828,110
32829,385
32830,753
32831,189
32832,189
32833,288
32834,103
32835,307
32836,607
32837,147
32838,307
32839,546
32840,142
32841,492
32842,944
32843,252
32844,201
32845,305
32846,110
32847,385
32848,753
32849,189
32850,189
32851,288
32852,103
32853,307
32854,607
32855,147
32856,307
32857,546
32858,142
32859,492
32860,944
32861,252
32862,201
32863,305
32864,110
32865,385
32866,753
32867,189
